{ 
    "_id" : ObjectId("5a08000720fc3c23dcbb9e1f"), 
    "film_id" : ObjectId("5a043882cb440437209f664b"), 
    "comment" : "666666", 
    "user_id" : ObjectId("5a03d3b8ba0d951a54fa36d5"), 
    "pub_time" : ISODate("2017-11-12T08:02:15.579+0000"), 
    "__v" : NumberInt(0)
}
{ 
    "_id" : ObjectId("5a08011520fc3c23dcbb9e20"), 
    "film_id" : ObjectId("5a043882cb440437209f664b"), 
    "comment" : "666666", 
    "user_id" : ObjectId("5a03d3b8ba0d951a54fa36d5"), 
    "pub_time" : ISODate("2017-11-12T08:06:45.683+0000"), 
    "__v" : NumberInt(0)
}
{ 
    "_id" : ObjectId("5a0801639201ed2c6ca38e41"), 
    "film_id" : ObjectId("5a043862cb440437209f6642"), 
    "comment" : "5555555", 
    "user_id" : ObjectId("5a03d3b8ba0d951a54fa36d5"), 
    "pub_time" : ISODate("2017-11-12T08:08:03.382+0000"), 
    "__v" : NumberInt(0)
}
{ 
    "_id" : ObjectId("5a08025b6382050c846b39d6"), 
    "film_id" : ObjectId("5a043862cb440437209f6642"), 
    "comment" : "李某人到此一游", 
    "user_id" : ObjectId("5a03d3b8ba0d951a54fa36d5"), 
    "pub_time" : ISODate("2017-11-12T08:12:11.307+0000"), 
    "__v" : NumberInt(0)
}
{ 
    "_id" : ObjectId("5a0802f86382050c846b39d7"), 
    "film_id" : ObjectId("5a03f76fcb440437209f659b"), 
    "comment" : "哈哈，太好看了！", 
    "user_id" : ObjectId("5a03d3b8ba0d951a54fa36d5"), 
    "pub_time" : ISODate("2017-11-12T08:14:48.379+0000"), 
    "__v" : NumberInt(0)
}
{ 
    "_id" : ObjectId("5a0803706382050c846b39d8"), 
    "film_id" : ObjectId("5a03f76fcb440437209f659b"), 
    "comment" : "哈哈，太好看了！", 
    "user_id" : ObjectId("5a03d3b8ba0d951a54fa36d5"), 
    "pub_time" : ISODate("2017-11-12T08:16:48.318+0000"), 
    "__v" : NumberInt(0)
}
{ 
    "_id" : ObjectId("5a0803b46382050c846b39d9"), 
    "film_id" : ObjectId("5a03f76fcb440437209f659b"), 
    "comment" : "刷屏的路过", 
    "user_id" : ObjectId("5a03d3b8ba0d951a54fa36d5"), 
    "pub_time" : ISODate("2017-11-12T08:17:56.505+0000"), 
    "__v" : NumberInt(0)
}
{ 
    "_id" : ObjectId("5a0804656382050c846b39da"), 
    "film_id" : ObjectId("5a03f76fcb440437209f659b"), 
    "comment" : "刷刷刷", 
    "user_id" : ObjectId("5a03d3b8ba0d951a54fa36d5"), 
    "pub_time" : ISODate("2017-11-12T08:20:53.326+0000"), 
    "__v" : NumberInt(0)
}
