{ 
    "_id" : ObjectId("5a05c14aafe84410e06825fb"), 
    "user_id" : ObjectId("5a02e3ae5c882301f832c5c2"), 
    "film_id" : ObjectId("5a043862cb440437209f6642"), 
    "ticket_id" : ObjectId("5a053f31c2de852e608f3b79"), 
    "is_reback" : false, 
    "is_get" : false, 
    "__v" : NumberInt(0)
}
{ 
    "_id" : ObjectId("5a05d619054db12994eb6caa"), 
    "user_id" : ObjectId("5a02e3ae5c882301f832c5c2"), 
    "film_id" : ObjectId("5a03f76fcb440437209f659b"), 
    "ticket_id" : ObjectId("5a053e70c2de852e608f3b4c"), 
    "is_reback" : false, 
    "is_get" : false, 
    "__v" : NumberInt(0)
}
{ 
    "_id" : ObjectId("5a06b4540cbf331e5c79927e"), 
    "user_id" : ObjectId("5a02e3ae5c882301f832c5c2"), 
    "film_id" : ObjectId("5a0437b1cb440437209f661d"), 
    "ticket_id" : ObjectId("5a053e9cc2de852e608f3b55"), 
    "is_reback" : false, 
    "is_get" : false, 
    "__v" : NumberInt(0)
}
{ 
    "_id" : ObjectId("5a06b7c16e6c011c2c14349a"), 
    "user_id" : ObjectId("5a02e3ae5c882301f832c5c2"), 
    "film_id" : ObjectId("5a0437b1cb440437209f661d"), 
    "ticket_id" : ObjectId("5a053ebdc2de852e608f3b5d"), 
    "is_reback" : false, 
    "is_get" : false, 
    "__v" : NumberInt(0)
}
{ 
    "_id" : ObjectId("5a06c5545e760e068c09da91"), 
    "film_id" : ObjectId("5a0437b1cb440437209f661d"), 
    "ticket_id" : ObjectId("5a053e9cc2de852e608f3b55"), 
    "user_id" : ObjectId("5a02e3d95c882301f832c5c3"), 
    "is_reback" : false, 
    "is_get" : false, 
    "__v" : NumberInt(0)
}
{ 
    "_id" : ObjectId("5a06c5c75e760e068c09da94"), 
    "film_id" : ObjectId("5a03f76fcb440437209f659b"), 
    "ticket_id" : ObjectId("5a053d18c2de852e608f3b43"), 
    "user_id" : ObjectId("5a03d3b8ba0d951a54fa36d5"), 
    "is_reback" : false, 
    "is_get" : false, 
    "__v" : NumberInt(0)
}
{ 
    "_id" : ObjectId("5a06c7bf5e760e068c09da95"), 
    "film_id" : ObjectId("5a043862cb440437209f6642"), 
    "ticket_id" : ObjectId("5a053f31c2de852e608f3b79"), 
    "user_id" : ObjectId("5a02e3d95c882301f832c5c3"), 
    "is_reback" : false, 
    "is_get" : false, 
    "__v" : NumberInt(0)
}
{ 
    "_id" : ObjectId("5a06c7c75e760e068c09da96"), 
    "film_id" : ObjectId("5a03f76fcb440437209f659b"), 
    "ticket_id" : ObjectId("5a053d18c2de852e608f3b43"), 
    "user_id" : ObjectId("5a02e3d95c882301f832c5c3"), 
    "is_reback" : false, 
    "is_get" : false, 
    "__v" : NumberInt(0)
}
{ 
    "_id" : ObjectId("5a06cc518306a313e4113983"), 
    "film_id" : ObjectId("5a03f76fcb440437209f659b"), 
    "ticket_id" : ObjectId("5a053d18c2de852e608f3b43"), 
    "user_id" : ObjectId("5a03d3b8ba0d951a54fa36d5"), 
    "is_reback" : false, 
    "is_get" : false, 
    "__v" : NumberInt(0)
}
{ 
    "_id" : ObjectId("5a06d3ce37474f2dd85b97ca"), 
    "film_id" : ObjectId("5a04381dcb440437209f6632"), 
    "ticket_id" : ObjectId("5a053eeac2de852e608f3b6b"), 
    "user_id" : ObjectId("5a02e3ae5c882301f832c5c2"), 
    "is_reback" : false, 
    "is_get" : false, 
    "__v" : NumberInt(0)
}
{ 
    "_id" : ObjectId("5a071f3d37474f2dd85b97cb"), 
    "film_id" : ObjectId("5a04383dcb440437209f663a"), 
    "ticket_id" : ObjectId("5a053f15c2de852e608f3b74"), 
    "user_id" : ObjectId("5a02e3ae5c882301f832c5c2"), 
    "is_reback" : false, 
    "is_get" : false, 
    "__v" : NumberInt(0)
}
{ 
    "_id" : ObjectId("5a07ed0522a4c317c4bd6437"), 
    "film_id" : ObjectId("5a0437b1cb440437209f661d"), 
    "ticket_id" : ObjectId("5a053e9cc2de852e608f3b55"), 
    "user_id" : ObjectId("5a02e3ae5c882301f832c5c2"), 
    "is_reback" : false, 
    "is_get" : false, 
    "__v" : NumberInt(0)
}
{ 
    "_id" : ObjectId("5a082068b541f72ccca50c7e"), 
    "film_id" : ObjectId("5a0437b1cb440437209f661d"), 
    "ticket_id" : ObjectId("5a053e9cc2de852e608f3b55"), 
    "user_id" : ObjectId("5a03d3b8ba0d951a54fa36d5"), 
    "is_reback" : false, 
    "is_get" : false, 
    "__v" : NumberInt(0)
}
{ 
    "_id" : ObjectId("5a08206db541f72ccca50c7f"), 
    "film_id" : ObjectId("5a0437b1cb440437209f661d"), 
    "ticket_id" : ObjectId("5a053e9cc2de852e608f3b55"), 
    "user_id" : ObjectId("5a03d3b8ba0d951a54fa36d5"), 
    "is_reback" : false, 
    "is_get" : false, 
    "__v" : NumberInt(0)
}
