{ 
    "_id" : ObjectId("5a059f9ab21fbe33e4bffe1f"), 
    "user_id" : ObjectId("5a02e3ae5c882301f832c5c2"), 
    "film_id" : ObjectId("5a04381dcb440437209f6632"), 
    "ticket_id" : ObjectId("5a053eeac2de852e608f3b6b"), 
    "is_reback" : false, 
    "is_get" : false, 
    "__v" : NumberInt(0)
}
{ 
    "_id" : ObjectId("5a059fc5b21fbe33e4bffe20"), 
    "user_id" : ObjectId("5a02e3ae5c882301f832c5c2"), 
    "film_id" : ObjectId("5a03f76fcb440437209f659b"), 
    "ticket_id" : ObjectId("5a053d18c2de852e608f3b43"), 
    "is_reback" : false, 
    "is_get" : false, 
    "__v" : NumberInt(0)
}
{ 
    "_id" : ObjectId("5a05bdbde2c1a714a4079786"), 
    "user_id" : ObjectId("5a02e3ae5c882301f832c5c2"), 
    "film_id" : ObjectId("5a043882cb440437209f664b"), 
    "ticket_id" : ObjectId("5a053f56c2de852e608f3b81"), 
    "is_reback" : false, 
    "is_get" : false, 
    "__v" : NumberInt(0)
}
{ 
    "_id" : ObjectId("5a05c14aafe84410e06825fb"), 
    "user_id" : ObjectId("5a02e3ae5c882301f832c5c2"), 
    "film_id" : ObjectId("5a043862cb440437209f6642"), 
    "ticket_id" : ObjectId("5a053f31c2de852e608f3b79"), 
    "is_reback" : false, 
    "is_get" : false, 
    "__v" : NumberInt(0)
}
{ 
    "_id" : ObjectId("5a05d619054db12994eb6caa"), 
    "user_id" : ObjectId("5a02e3ae5c882301f832c5c2"), 
    "film_id" : ObjectId("5a03f76fcb440437209f659b"), 
    "ticket_id" : ObjectId("5a053e70c2de852e608f3b4c"), 
    "is_reback" : false, 
    "is_get" : false, 
    "__v" : NumberInt(0)
}
