{ 
    "_id" : ObjectId("5a053d18c2de852e608f3b43"), 
    "film_id" : ObjectId("5a03f76fcb440437209f659b"), 
    "play_date" : "2017-10-1-18:00", 
    "seats" : NumberInt(50), 
    "price" : NumberInt(30)
}
{ 
    "_id" : ObjectId("5a053e70c2de852e608f3b4c"), 
    "film_id" : ObjectId("5a03f76fcb440437209f659b"), 
    "play_date" : "2017-10-1-20:00", 
    "seats" : NumberInt(51), 
    "price" : NumberInt(30)
}
{ 
    "_id" : ObjectId("5a053e9cc2de852e608f3b55"), 
    "film_id" : ObjectId("5a0437b1cb440437209f661d"), 
    "play_date" : "2017-10-1-20:00", 
    "seats" : NumberInt(56), 
    "price" : NumberInt(32)
}
{ 
    "_id" : ObjectId("5a053ebdc2de852e608f3b5d"), 
    "film_id" : ObjectId("5a0437b1cb440437209f661d"), 
    "play_date" : "2017-10-1-14:00", 
    "seats" : NumberInt(53), 
    "price" : NumberInt(32)
}
{ 
    "_id" : ObjectId("5a053eeac2de852e608f3b6b"), 
    "film_id" : ObjectId("5a04381dcb440437209f6632"), 
    "play_date" : "2017-10-1-14:00", 
    "seats" : NumberInt(57), 
    "price" : NumberInt(31)
}
{ 
    "_id" : ObjectId("5a053f15c2de852e608f3b74"), 
    "film_id" : ObjectId("5a04383dcb440437209f663a"), 
    "play_date" : "2017-10-1-15:00", 
    "seats" : NumberInt(59), 
    "price" : NumberInt(34)
}
{ 
    "_id" : ObjectId("5a053f31c2de852e608f3b79"), 
    "film_id" : ObjectId("5a043862cb440437209f6642"), 
    "play_date" : "2017-10-2-16:00", 
    "seats" : NumberInt(58), 
    "price" : NumberInt(33)
}
{ 
    "_id" : ObjectId("5a053f56c2de852e608f3b81"), 
    "film_id" : ObjectId("5a043882cb440437209f664b"), 
    "play_date" : "2017-10-2-17:00", 
    "seats" : NumberInt(54), 
    "price" : NumberInt(33)
}
