{ 
    "_id" : ObjectId("5a02e3ae5c882301f832c5c2"), 
    "name" : "lilin2", 
    "hash_password" : "ZZ3vPBW7cDpvyhUyYYJbZQ==", 
    "__v" : NumberInt(0), 
    "tickets" : "[]"
}
{ 
    "_id" : ObjectId("5a02e3d95c882301f832c5c3"), 
    "name" : "lilin3", 
    "hash_password" : "ZZ3vPBW7cDpvyhUyYYJbZQ==", 
    "__v" : NumberInt(0), 
    "tickets" : "[]"
}
{ 
    "_id" : ObjectId("5a03d3b8ba0d951a54fa36d5"), 
    "name" : "lilin1", 
    "hash_password" : "ZZ3vPBW7cDpvyhUyYYJbZQ==", 
    "tickets" : [

    ], 
    "__v" : NumberInt(0)
}
{ 
    "_id" : ObjectId("5a0555c68812e732747a4be8"), 
    "name" : "", 
    "hash_password" : "1B2M2Y8AsgTpgAmY7PhCfg==", 
    "tickets" : [

    ], 
    "__v" : NumberInt(0)
}
